{
  "success": true,
  "data": {
    "rows": [
      {
        "block_time": "2025-04-22 14:30:00.000 UTC",
        "price": 0.010015085088160488
      },
      {
        "block_time": "2025-04-22 15:00:00.000 UTC",
        "price": 0.009954151497601395
      },
      {
        "block_time": "2025-04-22 15:30:00.000 UTC",
        "price": 0.00992423364181233
      },
      {
        "block_time": "2025-04-22 16:00:00.000 UTC",
        "price": 0.009822626746537399
      },
      {
        "block_time": "2025-04-22 16:30:00.000 UTC",
        "price": 0.010294858980234411
      },
      {
        "block_time": "2025-04-22 17:00:00.000 UTC",
        "price": 0.00970033644093641
      },
      {
        "block_time": "2025-04-22 17:30:00.000 UTC",
        "price": 0.009177099067765102
      },
      {
        "block_time": "2025-04-22 18:00:00.000 UTC",
        "price": 0.009643312624760947
      },
      {
        "block_time": "2025-04-22 18:30:00.000 UTC",
        "price": 0.009440893708794452
      },
      {
        "block_time": "2025-04-22 19:00:00.000 UTC",
        "price": 0.008849588325485564
      },
      {
        "block_time": "2025-04-22 19:30:00.000 UTC",
        "price": 0.008875555761309764
      },
      {
        "block_time": "2025-04-22 20:00:00.000 UTC",
        "price": 0.00843842354104832
      },
      {
        "block_time": "2025-04-22 20:30:00.000 UTC",
        "price": 0.008749407000688223
      },
      {
        "block_time": "2025-04-22 21:00:00.000 UTC",
        "price": 0.009605655408064788
      },
      {
        "block_time": "2025-04-22 21:30:00.000 UTC",
        "price": 0.009973855403653718
      },
      {
        "block_time": "2025-04-22 22:00:00.000 UTC",
        "price": 0.010879020554306156
      },
      {
        "block_time": "2025-04-22 22:30:00.000 UTC",
        "price": 0.011683206888400393
      },
      {
        "block_time": "2025-04-22 23:00:00.000 UTC",
        "price": 0.01067960067712397
      },
      {
        "block_time": "2025-04-22 23:30:00.000 UTC",
        "price": 0.009703788919995626
      },
      {
        "block_time": "2025-04-23 00:00:00.000 UTC",
        "price": 0.010223005164608421
      },
      {
        "block_time": "2025-04-23 00:30:00.000 UTC",
        "price": 0.009472324117889631
      },
      {
        "block_time": "2025-04-23 01:00:00.000 UTC",
        "price": 0.009274626839253241
      },
      {
        "block_time": "2025-04-23 01:30:00.000 UTC",
        "price": 0.009158703481819498
      },
      {
        "block_time": "2025-04-23 02:00:00.000 UTC",
        "price": 0.009546105245464294
      },
      {
        "block_time": "2025-04-23 02:30:00.000 UTC",
        "price": 0.009672195695128888
      },
      {
        "block_time": "2025-04-23 03:00:00.000 UTC",
        "price": 0.009505919747985949
      },
      {
        "block_time": "2025-04-23 03:30:00.000 UTC",
        "price": 0.009968215370854107
      },
      {
        "block_time": "2025-04-23 04:00:00.000 UTC",
        "price": 0.0093955222859842
      },
      {
        "block_time": "2025-04-23 04:30:00.000 UTC",
        "price": 0.009236380736555156
      },
      {
        "block_time": "2025-04-23 05:00:00.000 UTC",
        "price": 0.009397487242337903
      },
      {
        "block_time": "2025-04-23 05:30:00.000 UTC",
        "price": 0.009119332655992641
      },
      {
        "block_time": "2025-04-23 06:00:00.000 UTC",
        "price": 0.009431015449955766
      },
      {
        "block_time": "2025-04-23 06:30:00.000 UTC",
        "price": 0.008910074185154873
      },
      {
        "block_time": "2025-04-23 07:00:00.000 UTC",
        "price": 0.008921821271677894
      },
      {
        "block_time": "2025-04-23 07:30:00.000 UTC",
        "price": 0.00884376455503406
      },
      {
        "block_time": "2025-04-23 08:00:00.000 UTC",
        "price": 0.009218351400001414
      },
      {
        "block_time": "2025-04-23 08:30:00.000 UTC",
        "price": 0.009054283747870578
      },
      {
        "block_time": "2025-04-23 09:00:00.000 UTC",
        "price": 0.009312527607869292
      },
      {
        "block_time": "2025-04-23 09:30:00.000 UTC",
        "price": 0.009313075257415825
      },
      {
        "block_time": "2025-04-23 10:00:00.000 UTC",
        "price": 0.009009663156550959
      },
      {
        "block_time": "2025-04-23 10:30:00.000 UTC",
        "price": 0.009162267372364237
      },
      {
        "block_time": "2025-04-23 11:00:00.000 UTC",
        "price": 0.009019473489310353
      },
      {
        "block_time": "2025-04-23 11:30:00.000 UTC",
        "price": 0.009172265376360601
      },
      {
        "block_time": "2025-04-23 12:00:00.000 UTC",
        "price": 0.00908179412351025
      },
      {
        "block_time": "2025-04-23 12:30:00.000 UTC",
        "price": 0.00895975077717161
      },
      {
        "block_time": "2025-04-23 13:00:00.000 UTC",
        "price": 0.009582912212416373
      },
      {
        "block_time": "2025-04-23 13:30:00.000 UTC",
        "price": 0.009399290080406408
      },
      {
        "block_time": "2025-04-23 14:00:00.000 UTC",
        "price": 0.009771068050599742
      },
      {
        "block_time": "2025-04-23 14:30:00.000 UTC",
        "price": 0.009867628934130637
      },
      {
        "block_time": "2025-04-23 15:00:00.000 UTC",
        "price": 0.009886797800039974
      },
      {
        "block_time": "2025-04-23 15:30:00.000 UTC",
        "price": 0.010313834283376372
      },
      {
        "block_time": "2025-04-23 16:00:00.000 UTC",
        "price": 0.009719194516858633
      },
      {
        "block_time": "2025-04-23 16:30:00.000 UTC",
        "price": 0.011415772030365994
      },
      {
        "block_time": "2025-04-23 17:00:00.000 UTC",
        "price": 0.012809956714252533
      },
      {
        "block_time": "2025-04-23 17:30:00.000 UTC",
        "price": 0.011976750660725368
      },
      {
        "block_time": "2025-04-23 18:00:00.000 UTC",
        "price": 0.012375745281099882
      },
      {
        "block_time": "2025-04-23 18:30:00.000 UTC",
        "price": 0.013107240548391078
      },
      {
        "block_time": "2025-04-23 19:00:00.000 UTC",
        "price": 0.011337492622584646
      },
      {
        "block_time": "2025-04-23 19:30:00.000 UTC",
        "price": 0.012246640926398307
      },
      {
        "block_time": "2025-04-23 20:00:00.000 UTC",
        "price": 0.011221725078244059
      },
      {
        "block_time": "2025-04-23 20:30:00.000 UTC",
        "price": 0.010250452517381173
      },
      {
        "block_time": "2025-04-23 21:00:00.000 UTC",
        "price": 0.010169609814429933
      },
      {
        "block_time": "2025-04-23 21:30:00.000 UTC",
        "price": 0.010267485076672243
      },
      {
        "block_time": "2025-04-23 22:00:00.000 UTC",
        "price": 0.010426262318481544
      },
      {
        "block_time": "2025-04-23 22:30:00.000 UTC",
        "price": 0.009867062931364912
      },
      {
        "block_time": "2025-04-23 23:00:00.000 UTC",
        "price": 0.01035416075732695
      },
      {
        "block_time": "2025-04-23 23:30:00.000 UTC",
        "price": 0.010400811059325155
      },
      {
        "block_time": "2025-04-24 00:00:00.000 UTC",
        "price": 0.011711002107404273
      },
      {
        "block_time": "2025-04-24 00:30:00.000 UTC",
        "price": 0.011630903775478135
      },
      {
        "block_time": "2025-04-24 01:00:00.000 UTC",
        "price": 0.010944950023959942
      },
      {
        "block_time": "2025-04-24 01:30:00.000 UTC",
        "price": 0.011013948359375279
      },
      {
        "block_time": "2025-04-24 02:00:00.000 UTC",
        "price": 0.011998210271476404
      },
      {
        "block_time": "2025-04-24 02:30:00.000 UTC",
        "price": 0.011783506029808344
      },
      {
        "block_time": "2025-04-24 03:00:00.000 UTC",
        "price": 0.011289035659024385
      },
      {
        "block_time": "2025-04-24 03:30:00.000 UTC",
        "price": 0.01049157436758723
      },
      {
        "block_time": "2025-04-24 04:00:00.000 UTC",
        "price": 0.010763723756333736
      },
      {
        "block_time": "2025-04-24 04:30:00.000 UTC",
        "price": 0.011605206627644827
      },
      {
        "block_time": "2025-04-24 05:00:00.000 UTC",
        "price": 0.011044137886040993
      },
      {
        "block_time": "2025-04-24 05:30:00.000 UTC",
        "price": 0.010877623806952877
      },
      {
        "block_time": "2025-04-24 06:00:00.000 UTC",
        "price": 0.011606679070246144
      },
      {
        "block_time": "2025-04-24 06:30:00.000 UTC",
        "price": 0.01190750015425695
      },
      {
        "block_time": "2025-04-24 07:00:00.000 UTC",
        "price": 0.011835879696022403
      },
      {
        "block_time": "2025-04-24 07:30:00.000 UTC",
        "price": 0.011625148920373588
      },
      {
        "block_time": "2025-04-24 08:00:00.000 UTC",
        "price": 0.011232327649064469
      },
      {
        "block_time": "2025-04-24 08:30:00.000 UTC",
        "price": 0.010659915636690359
      },
      {
        "block_time": "2025-04-24 09:00:00.000 UTC",
        "price": 0.010537967881624316
      },
      {
        "block_time": "2025-04-24 09:30:00.000 UTC",
        "price": 0.011535886497179711
      },
      {
        "block_time": "2025-04-24 10:00:00.000 UTC",
        "price": 0.011334399641345992
      },
      {
        "block_time": "2025-04-24 10:30:00.000 UTC",
        "price": 0.012242474405102647
      },
      {
        "block_time": "2025-04-24 11:00:00.000 UTC",
        "price": 0.01182634941336672
      },
      {
        "block_time": "2025-04-24 11:30:00.000 UTC",
        "price": 0.01150540627122375
      },
      {
        "block_time": "2025-04-24 12:00:00.000 UTC",
        "price": 0.011758735636583462
      },
      {
        "block_time": "2025-04-24 12:30:00.000 UTC",
        "price": 0.013112440500713281
      },
      {
        "block_time": "2025-04-24 13:00:00.000 UTC",
        "price": 0.012782505231940475
      },
      {
        "block_time": "2025-04-24 13:30:00.000 UTC",
        "price": 0.01203002108549977
      },
      {
        "block_time": "2025-04-24 14:00:00.000 UTC",
        "price": 0.012447112863065617
      },
      {
        "block_time": "2025-04-24 14:30:00.000 UTC",
        "price": 0.01291034109152147
      },
      {
        "block_time": "2025-04-24 15:00:00.000 UTC",
        "price": 0.013420628919801175
      },
      {
        "block_time": "2025-04-24 15:30:00.000 UTC",
        "price": 0.013216352007951565
      },
      {
        "block_time": "2025-04-24 16:00:00.000 UTC",
        "price": 0.013052421557125328
      },
      {
        "block_time": "2025-04-24 16:30:00.000 UTC",
        "price": 0.013304207620923771
      },
      {
        "block_time": "2025-04-24 17:00:00.000 UTC",
        "price": 0.012600837985419895
      },
      {
        "block_time": "2025-04-24 17:30:00.000 UTC",
        "price": 0.012303793551141059
      },
      {
        "block_time": "2025-04-24 18:00:00.000 UTC",
        "price": 0.012501965024914458
      },
      {
        "block_time": "2025-04-24 18:30:00.000 UTC",
        "price": 0.0119942162735708
      },
      {
        "block_time": "2025-04-24 19:00:00.000 UTC",
        "price": 0.01131334506139401
      },
      {
        "block_time": "2025-04-24 19:30:00.000 UTC",
        "price": 0.012121039270388
      },
      {
        "block_time": "2025-04-24 20:00:00.000 UTC",
        "price": 0.012256366204302451
      },
      {
        "block_time": "2025-04-24 20:30:00.000 UTC",
        "price": 0.012511277737472317
      },
      {
        "block_time": "2025-04-24 21:00:00.000 UTC",
        "price": 0.012505702890318954
      },
      {
        "block_time": "2025-04-24 21:30:00.000 UTC",
        "price": 0.012273366319876737
      },
      {
        "block_time": "2025-04-24 22:00:00.000 UTC",
        "price": 0.011707489549953747
      },
      {
        "block_time": "2025-04-24 22:30:00.000 UTC",
        "price": 0.011369755691928
      },
      {
        "block_time": "2025-04-24 23:00:00.000 UTC",
        "price": 0.01140519704506587
      },
      {
        "block_time": "2025-04-24 23:30:00.000 UTC",
        "price": 0.011093694035576616
      },
      {
        "block_time": "2025-04-25 00:00:00.000 UTC",
        "price": 0.00961620525772742
      },
      {
        "block_time": "2025-04-25 00:30:00.000 UTC",
        "price": 0.01019089832215889
      },
      {
        "block_time": "2025-04-25 01:00:00.000 UTC",
        "price": 0.0103586850547125
      },
      {
        "block_time": "2025-04-25 01:30:00.000 UTC",
        "price": 0.009879818265198868
      },
      {
        "block_time": "2025-04-25 02:00:00.000 UTC",
        "price": 0.010485897775620581
      },
      {
        "block_time": "2025-04-25 02:30:00.000 UTC",
        "price": 0.01052432670471265
      },
      {
        "block_time": "2025-04-25 03:00:00.000 UTC",
        "price": 0.009724425063487124
      },
      {
        "block_time": "2025-04-25 03:30:00.000 UTC",
        "price": 0.009872290635835473
      },
      {
        "block_time": "2025-04-25 04:00:00.000 UTC",
        "price": 0.010306451202541336
      },
      {
        "block_time": "2025-04-25 04:30:00.000 UTC",
        "price": 0.01038788939529
      },
      {
        "block_time": "2025-04-25 05:00:00.000 UTC",
        "price": 0.010011010514598741
      },
      {
        "block_time": "2025-04-25 06:00:00.000 UTC",
        "price": 0.00987545195098983
      },
      {
        "block_time": "2025-04-25 06:30:00.000 UTC",
        "price": 0.009937293221252856
      },
      {
        "block_time": "2025-04-25 07:00:00.000 UTC",
        "price": 0.009916609372790418
      },
      {
        "block_time": "2025-04-25 07:30:00.000 UTC",
        "price": 0.009949765481886738
      },
      {
        "block_time": "2025-04-25 08:00:00.000 UTC",
        "price": 0.009374235885053143
      },
      {
        "block_time": "2025-04-25 08:30:00.000 UTC",
        "price": 0.009519438950031888
      },
      {
        "block_time": "2025-04-25 09:00:00.000 UTC",
        "price": 0.009474502507640689
      },
      {
        "block_time": "2025-04-25 09:30:00.000 UTC",
        "price": 0.009861098601737861
      },
      {
        "block_time": "2025-04-25 10:00:00.000 UTC",
        "price": 0.0099457995988527
      },
      {
        "block_time": "2025-04-25 10:30:00.000 UTC",
        "price": 0.009821235861944305
      },
      {
        "block_time": "2025-04-25 11:00:00.000 UTC",
        "price": 0.010121194813741347
      },
      {
        "block_time": "2025-04-25 11:30:00.000 UTC",
        "price": 0.01027525391209025
      },
      {
        "block_time": "2025-04-25 12:00:00.000 UTC",
        "price": 0.010947896578798523
      },
      {
        "block_time": "2025-04-25 12:30:00.000 UTC",
        "price": 0.011070198224389429
      },
      {
        "block_time": "2025-04-25 13:00:00.000 UTC",
        "price": 0.011548058552396007
      },
      {
        "block_time": "2025-04-25 13:30:00.000 UTC",
        "price": 0.011669347133108401
      },
      {
        "block_time": "2025-04-25 14:00:00.000 UTC",
        "price": 0.012245072386809924
      },
      {
        "block_time": "2025-04-25 14:30:00.000 UTC",
        "price": 0.012357218020420465
      },
      {
        "block_time": "2025-04-25 15:00:00.000 UTC",
        "price": 0.011812051887419866
      },
      {
        "block_time": "2025-04-25 16:00:00.000 UTC",
        "price": 0.011253033799661118
      },
      {
        "block_time": "2025-04-25 16:30:00.000 UTC",
        "price": 0.020476924074513386
      },
      {
        "block_time": "2025-04-25 17:00:00.000 UTC",
        "price": 0.030588935010929085
      },
      {
        "block_time": "2025-04-25 17:30:00.000 UTC",
        "price": 0.025422381603526133
      },
      {
        "block_time": "2025-04-25 18:00:00.000 UTC",
        "price": 0.025331498651409365
      },
      {
        "block_time": "2025-04-25 18:30:00.000 UTC",
        "price": 0.021981186495449702
      },
      {
        "block_time": "2025-04-25 19:00:00.000 UTC",
        "price": 0.026820797686050658
      },
      {
        "block_time": "2025-04-25 19:30:00.000 UTC",
        "price": 0.029728494997472172
      },
      {
        "block_time": "2025-04-25 20:00:00.000 UTC",
        "price": 0.03964466415658601
      },
      {
        "block_time": "2025-04-25 20:30:00.000 UTC",
        "price": 0.03995576346888004
      },
      {
        "block_time": "2025-04-25 21:00:00.000 UTC",
        "price": 0.037510534166429646
      },
      {
        "block_time": "2025-04-25 21:30:00.000 UTC",
        "price": 0.034307320182248996
      },
      {
        "block_time": "2025-04-25 22:00:00.000 UTC",
        "price": 0.0366998629075636
      },
      {
        "block_time": "2025-04-25 22:30:00.000 UTC",
        "price": 0.03770723033185541
      },
      {
        "block_time": "2025-04-25 23:00:00.000 UTC",
        "price": 0.03516286977912114
      },
      {
        "block_time": "2025-04-25 23:30:00.000 UTC",
        "price": 0.031099243581319633
      },
      {
        "block_time": "2025-04-26 00:00:00.000 UTC",
        "price": 0.031420591624862305
      },
      {
        "block_time": "2025-04-26 00:30:00.000 UTC",
        "price": 0.03521455625126467
      },
      {
        "block_time": "2025-04-26 01:00:00.000 UTC",
        "price": 0.03187454576503875
      },
      {
        "block_time": "2025-04-26 01:30:00.000 UTC",
        "price": 0.03184112728618982
      },
      {
        "block_time": "2025-04-26 02:00:00.000 UTC",
        "price": 0.030740478208870648
      },
      {
        "block_time": "2025-04-26 02:30:00.000 UTC",
        "price": 0.032038282683773
      },
      {
        "block_time": "2025-04-26 03:00:00.000 UTC",
        "price": 0.0367556488782172
      },
      {
        "block_time": "2025-04-26 03:30:00.000 UTC",
        "price": 0.03543024587152649
      },
      {
        "block_time": "2025-04-26 04:00:00.000 UTC",
        "price": 0.04061924825392041
      },
      {
        "block_time": "2025-04-26 04:30:00.000 UTC",
        "price": 0.04073642611653045
      },
      {
        "block_time": "2025-04-26 05:00:00.000 UTC",
        "price": 0.03796451863223314
      },
      {
        "block_time": "2025-04-26 05:30:00.000 UTC",
        "price": 0.04491127163439002
      },
      {
        "block_time": "2025-04-26 06:00:00.000 UTC",
        "price": 0.04530254574049125
      },
      {
        "block_time": "2025-04-26 06:30:00.000 UTC",
        "price": 0.04326756761852732
      },
      {
        "block_time": "2025-04-26 07:00:00.000 UTC",
        "price": 0.045677133296684345
      },
      {
        "block_time": "2025-04-26 07:30:00.000 UTC",
        "price": 0.04881111942872291
      },
      {
        "block_time": "2025-04-26 08:00:00.000 UTC",
        "price": 0.04473912711023261
      },
      {
        "block_time": "2025-04-26 08:30:00.000 UTC",
        "price": 0.04605192313507459
      },
      {
        "block_time": "2025-04-26 09:00:00.000 UTC",
        "price": 0.054267309620584986
      },
      {
        "block_time": "2025-04-26 09:30:00.000 UTC",
        "price": 0.04954646883517087
      },
      {
        "block_time": "2025-04-26 10:00:00.000 UTC",
        "price": 0.0477416311640828
      },
      {
        "block_time": "2025-04-26 10:30:00.000 UTC",
        "price": 0.053482310668272526
      },
      {
        "block_time": "2025-04-26 11:00:00.000 UTC",
        "price": 0.04940160020679792
      },
      {
        "block_time": "2025-04-26 11:30:00.000 UTC",
        "price": 0.05172522196622135
      },
      {
        "block_time": "2025-04-26 12:00:00.000 UTC",
        "price": 0.048603683413780414
      },
      {
        "block_time": "2025-04-26 12:30:00.000 UTC",
        "price": 0.043981687958207775
      },
      {
        "block_time": "2025-04-26 13:00:00.000 UTC",
        "price": 0.04767960130699052
      },
      {
        "block_time": "2025-04-26 13:30:00.000 UTC",
        "price": 0.04514489915861564
      },
      {
        "block_time": "2025-04-26 14:00:00.000 UTC",
        "price": 0.04064249819898708
      },
      {
        "block_time": "2025-04-26 14:30:00.000 UTC",
        "price": 0.04217147845106282
      },
      {
        "block_time": "2025-04-26 15:00:00.000 UTC",
        "price": 0.041762607373229635
      },
      {
        "block_time": "2025-04-26 15:30:00.000 UTC",
        "price": 0.046781782905595405
      },
      {
        "block_time": "2025-04-26 16:00:00.000 UTC",
        "price": 0.05086779636541539
      },
      {
        "block_time": "2025-04-26 16:30:00.000 UTC",
        "price": 0.05330296583011707
      },
      {
        "block_time": "2025-04-26 17:00:00.000 UTC",
        "price": 0.05111479169238752
      },
      {
        "block_time": "2025-04-26 17:30:00.000 UTC",
        "price": 0.059244060137409564
      },
      {
        "block_time": "2025-04-26 18:00:00.000 UTC",
        "price": 0.05318268678818153
      },
      {
        "block_time": "2025-04-26 18:30:00.000 UTC",
        "price": 0.05598042118126058
      },
      {
        "block_time": "2025-04-26 19:00:00.000 UTC",
        "price": 0.06158088771579765
      },
      {
        "block_time": "2025-04-26 19:30:00.000 UTC",
        "price": 0.06774863962148432
      },
      {
        "block_time": "2025-04-26 20:00:00.000 UTC",
        "price": 0.07218482680558097
      },
      {
        "block_time": "2025-04-26 20:30:00.000 UTC",
        "price": 0.06623902455720128
      },
      {
        "block_time": "2025-04-26 21:00:00.000 UTC",
        "price": 0.06549040632477648
      },
      {
        "block_time": "2025-04-26 21:30:00.000 UTC",
        "price": 0.06412362040267197
      },
      {
        "block_time": "2025-04-26 22:00:00.000 UTC",
        "price": 0.0656980236134995
      },
      {
        "block_time": "2025-04-26 22:30:00.000 UTC",
        "price": 0.06041995404192948
      },
      {
        "block_time": "2025-04-26 23:00:00.000 UTC",
        "price": 0.06636892338669556
      },
      {
        "block_time": "2025-04-26 23:30:00.000 UTC",
        "price": 0.06366800543412683
      },
      {
        "block_time": "2025-04-27 00:00:00.000 UTC",
        "price": 0.060321171700797434
      },
      {
        "block_time": "2025-04-27 00:30:00.000 UTC",
        "price": 0.05717596559781857
      },
      {
        "block_time": "2025-04-27 01:00:00.000 UTC",
        "price": 0.06298272269787888
      },
      {
        "block_time": "2025-04-27 01:30:00.000 UTC",
        "price": 0.055841606614072
      },
      {
        "block_time": "2025-04-27 02:00:00.000 UTC",
        "price": 0.05832023668661048
      },
      {
        "block_time": "2025-04-27 02:30:00.000 UTC",
        "price": 0.05664352080382034
      },
      {
        "block_time": "2025-04-27 03:00:00.000 UTC",
        "price": 0.0637970129339479
      },
      {
        "block_time": "2025-04-27 03:30:00.000 UTC",
        "price": 0.07125764494300671
      },
      {
        "block_time": "2025-04-27 04:00:00.000 UTC",
        "price": 0.0721247813321801
      },
      {
        "block_time": "2025-04-27 04:30:00.000 UTC",
        "price": 0.06240843573630663
      },
      {
        "block_time": "2025-04-27 05:00:00.000 UTC",
        "price": 0.06243598628370075
      },
      {
        "block_time": "2025-04-27 05:30:00.000 UTC",
        "price": 0.06069007275839947
      },
      {
        "block_time": "2025-04-27 06:00:00.000 UTC",
        "price": 0.06494653625099314
      },
      {
        "block_time": "2025-04-27 06:30:00.000 UTC",
        "price": 0.06653513191409677
      },
      {
        "block_time": "2025-04-27 07:00:00.000 UTC",
        "price": 0.062350962275936186
      },
      {
        "block_time": "2025-04-27 07:30:00.000 UTC",
        "price": 0.06409739411943488
      },
      {
        "block_time": "2025-04-27 08:00:00.000 UTC",
        "price": 0.06750515180059427
      },
      {
        "block_time": "2025-04-27 08:30:00.000 UTC",
        "price": 0.07484602523725048
      },
      {
        "block_time": "2025-04-27 09:00:00.000 UTC",
        "price": 0.07479531403853926
      },
      {
        "block_time": "2025-04-27 09:30:00.000 UTC",
        "price": 0.06634036164186806
      },
      {
        "block_time": "2025-04-27 10:00:00.000 UTC",
        "price": 0.06515622763686209
      },
      {
        "block_time": "2025-04-27 10:30:00.000 UTC",
        "price": 0.06247232726103962
      },
      {
        "block_time": "2025-04-27 11:00:00.000 UTC",
        "price": 0.06286346852985199
      },
      {
        "block_time": "2025-04-27 11:30:00.000 UTC",
        "price": 0.06540756491136399
      },
      {
        "block_time": "2025-04-27 12:00:00.000 UTC",
        "price": 0.06414908605968783
      },
      {
        "block_time": "2025-04-27 12:30:00.000 UTC",
        "price": 0.06236916457975527
      },
      {
        "block_time": "2025-04-27 13:00:00.000 UTC",
        "price": 0.05929313178662552
      },
      {
        "block_time": "2025-04-27 13:30:00.000 UTC",
        "price": 0.05722445724966755
      },
      {
        "block_time": "2025-04-27 14:00:00.000 UTC",
        "price": 0.056399441794259535
      }
    ],
    "latestPrice": 0.056399441794259535
  }
}